{
  "params": {
    "order": "latlong"
  },
  "data": {
    "london": [
      [51.509865, -0.118092],
      [51.509865, -0.118092],
      [51.509862, -0.118092],
      [51.50986, -0.118091],
      [51.509865, -0.118092],
      [51.509862, -0.118092],
      [51.50986, -0.118091],
      [51.509865, -0.118092],
      [51.509862, -0.118092]
    ],
    "6malholteistraße": [
      [52.508088, 13.465988],
      [52.5081, 13.465988],
      [52.50815, 13.465988],
      [52.5082, 13.465988],
      [52.50825, 13.465988],
      [52.5083, 13.465988],
      [52.50835, 13.466188],
      [52.508088, 13.465988],
      [52.5081, 13.465988],
      [52.50815, 13.465988],
      [52.5082, 13.465988],
      [52.50825, 13.465988],
      [52.5083, 13.465988],
      [52.50835, 13.466188]
    ],
    "walkingAroundTheCorner": [
      [52.493567, 13.429669],
      [52.493555, 13.429513],
      [52.493753, 13.429309],
      [52.493833, 13.42874],
      [52.494005, 13.428633],
      [52.4941, 13.428944],
      [52.494251, 13.42911],
      [52.49447, 13.429095],
      [52.494582, 13.429348],
      [52.494769, 13.429411],
      [52.494851, 13.429669],
      [52.49502, 13.429693],
      [52.495224, 13.429902],
      [52.495473, 13.430155]
    ],
    "longExample1": [
      [52.49331177086796, 13.429730074111301],
      [52.49323802723877, 13.429651605271438],
      [52.493254929149984, 13.42964179850502],
      [52.49337727053855, 13.429699803594518],
      [52.49342524205763, 13.42973175649296],
      [52.49343943538802, 13.429724985619774],
      [52.49342197699248, 13.429691655832118],
      [52.49346338767496, 13.42981688395527],
      [52.49350361811327, 13.429823556036409],
      [52.493503634088654, 13.429830814354048],
      [52.49352423010378, 13.429818073448878],
      [52.493573249662475, 13.429787544201368],
      [52.49358489030758, 13.429767966942538],
      [52.493590666087805, 13.42976307420963],
      [52.493605235746195, 13.429752824263419],
      [52.493623476627725, 13.429731339596069],
      [52.49363688877703, 13.429716353001929],
      [52.49365608081561, 13.429717637382307],
      [52.49367073989646, 13.429706903792258],
      [52.49367655805997, 13.42969439716569],
      [52.493678144352515, 13.429685361723944],
      [52.49368951085968, 13.429666060972254],
      [52.49369392743676, 13.42966267727634],
      [52.49369443658156, 13.429655695649547],
      [52.49369138652536, 13.429639724745162],
      [52.493688661954586, 13.429624709208118],
      [52.49368878768613, 13.429602336937462],
      [52.49368870874871, 13.429586134687602],
      [52.49370049800291, 13.429573448935445],
      [52.493701918355114, 13.429563418648332],
      [52.49371342258402, 13.429539477546681],
      [52.4937250363734, 13.429515649685037],
      [52.49373434209216, 13.429497309232225],
      [52.49373716817684, 13.429482884457176],
      [52.49374416229693, 13.429467816970124],
      [52.49375048196013, 13.429455749442534],
      [52.493752803264, 13.429448839700541],
      [52.49375397311891, 13.429436179202531],
      [52.493756019626424, 13.429427228093681],
      [52.49376971779751, 13.429360373125537],
      [52.49376971779751, 13.429360373125537],
      [52.493684088258284, 13.428968461167766],
      [52.493777733384476, 13.428683581525052],
      [52.49378533287362, 13.428684839843742],
      [52.49378690065621, 13.428687671663644],
      [52.49381527902232, 13.428698332102343],
      [52.49390846009295, 13.428779492543484],
      [52.493936851612425, 13.428773724391919],
      [52.4939452734101, 13.428775890678477],
      [52.49394393384665, 13.428750980734225],
      [52.49394291037473, 13.428749671437187],
      [52.49393900811845, 13.428725203236844],
      [52.49393628924234, 13.428708958245748],
      [52.49393370686744, 13.428716600136736],
      [52.49393654867264, 13.428709610286083],
      [52.49394692855928, 13.428682795414494],
      [52.49395185333829, 13.428663783929066],
      [52.494197308102564, 13.428922756956894],
      [52.49432901741013, 13.429081129600856],
      [52.494400479935734, 13.429155806997738],
      [52.494493935413345, 13.42922608072229],
      [52.4944752614187, 13.42921046911269],
      [52.49461932299427, 13.4293458616905],
      [52.49462566410775, 13.429351709351552],
      [52.494627052815225, 13.429352983612132],
      [52.49462709362392, 13.429353013908713],
      [52.49465143912926, 13.429368037611404],
      [52.49464747347089, 13.429363928222095]
    ],